PGA,PGV,PGD_h,PGD_v
0.13484596916279604,15.973505206165552,0.011628207693302568,0.061362709281468336
