PGA,PGV,PGD_h,PGD_v
0.16035278035278494,16.32797861633142,0.09761359255287264,0.16304992019500233
