PGA,PGV,PGD_h,PGD_v
0.21919423718281045,22.51977054122455,0.19581241790303025,0.1546514828099155
