PGA,PGV,PGD_h,PGD_v
0.12244579062568484,9.081057927178035,0.03397542395228227,0.12305466505199517
