PGA,PGV,PGD_h,PGD_v
0.283812254800946,9.63246319304488,0.35590990959837115,0.1368733235452556
