PGA,PGV,PGD_h,PGD_v
0.14905712590910147,16.311411511245375,0.08859757443000532,0.17629544192453564
