PGA,PGV,PGD_h,PGD_v
0.11132962491013827,15.312444759812259,1e-05,1e-05
