PGA,PGV,PGD_h,PGD_v
0.13740522238049946,12.044876973383115,0.008138233468931732,0.036631176596645644
