PGA,PGV,PGD_h,PGD_v
0.14054273766300077,13.079053148053566,1e-05,0.010768499481594694
