PGA,PGV,PGD_h,PGD_v
0.12780290344428635,9.909311359353923,0.005491983638978613,0.055140830406490454
