PGA,PGV,PGD_h,PGD_v
0.1628425303021223,15.961798818052795,0.07762662236469745,0.1252325505878293
