PGA,PGV,PGD_h,PGD_v
0.17085192770691376,21.258115823020653,0.12486926638033718,0.18149168825129836
