PGA,PGV,PGD_h,PGD_v
0.09762287651614944,17.765943116930057,1e-05,1e-05
