PGA,PGV,PGD_h,PGD_v
0.24362771226552288,14.036294433205654,0.23149374372673948,0.1466978422647831
