PGA,PGV,PGD_h,PGD_v
0.13442715040065728,14.53480924925178,0.04845213643126305,0.1281610428639919
