PGA,PGV,PGD_h,PGD_v
0.08288229355462397,9.076253885172928,1e-05,1e-05
