PGA,PGV,PGD_h,PGD_v
0.14796160185085364,16.434220587562013,1e-05,0.01136600318159752
