PGA,PGV,PGD_h,PGD_v
0.2350904525587637,14.92458202632662,0.20535484031190868,0.13978673020722454
