PGA,PGV,PGD_h,PGD_v
0.11446229679299376,17.296880653227287,1e-05,1e-05
