PGA,PGV,PGD_h,PGD_v
0.25769610469886217,17.6166607285954,0.3270575394217387,0.1860813339479063
