PGA,PGV,PGD_h,PGD_v
0.2263452902024071,12.538923876974183,0.025307850641013832,0.010820867295722465
