PGA,PGV,PGD_h,PGD_v
0.16573685877587127,14.785854699940984,0.02910584508349158,0.04985562671140567
