PGA,PGV,PGD_h,PGD_v
0.06543299180814396,10.073646010488902,1e-05,1e-05
