PGA,PGV,PGD_h,PGD_v
0.16950810719186415,12.050139681750405,0.036655736672828405,0.05800506658343803
