PGA,PGV,PGD_h,PGD_v
0.2270408596960259,14.0582356364977,0.17524665457572922,0.12826272070244207
