PGA,PGV,PGD_h,PGD_v
0.3388182508959511,17.071709144766547,0.21018497140050763,0.061390173198004765
