PGA,PGV,PGD_h,PGD_v
0.1606406713896534,11.585575523441543,0.003351541203672348,0.010281692006154228
