PGA,PGV,PGD_h,PGD_v
0.1579350932990031,8.598916983176078,0.0016961998041102166,0.006977727898281097
