PGA,PGV,PGD_h,PGD_v
0.15948244705212805,15.49721147846188,0.07304391937168672,0.12353798761488408
