PGA,PGV,PGD_h,PGD_v
0.17656401863582183,11.16306382261178,0.008848426727286546,0.01087329926373097
