PGA,PGV,PGD_h,PGD_v
0.20301994567266837,15.135557331061362,0.19253003397849036,0.1816838577763495
