PGA,PGV,PGD_h,PGD_v
0.12210081354214808,17.840116655960145,0.03922914044267948,0.1436098777859628
