PGA,PGV,PGD_h,PGD_v
0.3943516378629951,13.319244350538366,1.549671222127386,0.1916159946952024
