PGA,PGV,PGD_h,PGD_v
0.13889263056944207,10.352767467346874,1e-05,0.010600548786540155
