PGA,PGV,PGD_h,PGD_v
0.1592305424857144,19.030335683163386,0.09687599439165678,0.16444095790307153
