PGA,PGV,PGD_h,PGD_v
0.12695971822429508,17.403219102876353,0.0394848439517855,0.12554324030699204
