PGA,PGV,PGD_h,PGD_v
0.2597900819353619,16.44308374998069,0.2426119733441914,0.13596783146754576
