PGA,PGV,PGD_h,PGD_v
0.1880642885080127,12.382257962916208,0.03108789187374729,0.035782630505760187
