PGA,PGV,PGD_h,PGD_v
0.17084429607353366,10.994453554029342,0.006393977189684533,0.010013200396006363
