PGA,PGV,PGD_h,PGD_v
0.17351416789933471,14.210372927262055,0.09681674363059932,0.13623285944745248
