PGA,PGV,PGD_h,PGD_v
0.17275629184907923,12.869846212533417,0.035795117285648936,0.05315569831152863
