PGA,PGV,PGD_h,PGD_v
0.1875728553734329,11.246308403208637,0.10716197045748588,0.12424208184189757
