PGA,PGV,PGD_h,PGD_v
0.052546817051912505,9.79556697117931,1e-05,1e-05
