PGA,PGV,PGD_h,PGD_v
0.17149431124648506,15.752790328779382,0.0930088948082694,0.134118519125674
