PGA,PGV,PGD_h,PGD_v
0.19033910666042964,16.71568292270197,0.12409750638164985,0.13821860544414472
