PGA,PGV,PGD_h,PGD_v
0.1451749805687978,17.6528170798096,1e-05,0.011954519399008883
