PGA,PGV,PGD_h,PGD_v
0.10897878864287898,7.4565672048961,1e-05,1e-05
