PGA,PGV,PGD_h,PGD_v
0.22458206453256707,12.036949892009595,0.16784599673802295,0.12573438931681966
