PGA,PGV,PGD_h,PGD_v
0.1285481655077651,11.11192768019523,0.052806141347810295,0.1609801316425739
