PGA,PGV,PGD_h,PGD_v
0.1068384919744329,14.406524570496776,1e-05,1e-05
