PGA,PGV,PGD_h,PGD_v
0.23317840197488202,19.00694313472268,0.08770336819226615,0.06070899104092924
