PGA,PGV,PGD_h,PGD_v
0.31842497675445935,18.168444219473766,0.6480820927838065,0.15007331605007296
