PGA,PGV,PGD_h,PGD_v
0.1613116194101385,13.479033760346308,0.00385057313377015,0.011111933928472864
