PGA,PGV,PGD_h,PGD_v
0.07693313513446898,10.684593076903331,1e-05,1e-05
