PGA,PGV,PGD_h,PGD_v
0.14752606986693304,6.9831752440168655,1e-05,0.006417034511908742
