PGA,PGV,PGD_h,PGD_v
0.38616517728946664,14.371572516315087,1.3326807023891036,0.17350332740260718
