PGA,PGV,PGD_h,PGD_v
0.18765684458327206,15.37449050259621,0.1594085872036155,0.18458664402217806
