PGA,PGV,PGD_h,PGD_v
0.21397012313383174,13.821658262840932,0.04170015311017127,0.03476547390919299
