PGA,PGV,PGD_h,PGD_v
0.14210995265581564,13.738026065120918,0.009835406631813298,0.03485016250889453
