PGA,PGV,PGD_h,PGD_v
0.1044198270213474,13.46061978982866,1e-05,1e-05
