PGA,PGV,PGD_h,PGD_v
0.10010717223227932,9.994355173697718,1e-05,1e-05
