PGA,PGV,PGD_h,PGD_v
0.12392716412932296,13.02994306101156,1e-05,0.006191449751455207
