PGA,PGV,PGD_h,PGD_v
0.13281729060898856,8.872235889449248,1e-05,0.009880087558877986
