PGA,PGV,PGD_h,PGD_v
0.2868072768065331,16.52039139609808,0.35073356983924897,0.12758784501657974
