PGA,PGV,PGD_h,PGD_v
0.10177940288737386,13.615406391227873,1e-05,1e-05
