PGA,PGV,PGD_h,PGD_v
0.17655727568388582,14.186477345912143,0.0989723234151765,0.13436982328319377
