PGA,PGV,PGD_h,PGD_v
0.1174705836624514,13.006825850136737,1e-05,1e-05
