PGA,PGV,PGD_h,PGD_v
0.14804099658027178,21.608662673997802,1e-05,0.012035486438271464
