PGA,PGV,PGD_h,PGD_v
0.22064515080271285,14.207326783234592,0.23554198463396314,0.18334783045533154
