PGA,PGV,PGD_h,PGD_v
0.18153142215273793,13.354618229226434,0.010083877779540097,0.010439340728650768
