PGA,PGV,PGD_h,PGD_v
0.11965056444916489,14.487678614057408,1e-05,1e-05
