PGA,PGV,PGD_h,PGD_v
0.2872734676213461,14.030990622124168,0.49590650758089205,0.17889206808159794
