PGA,PGV,PGD_h,PGD_v
0.36122045420085525,20.29401931579926,0.8984782823732884,0.1394552334227665
