PGA,PGV,PGD_h,PGD_v
0.16580194275414,28.714323724029345,0.11385059770473843,0.17650074294853302
