PGA,PGV,PGD_h,PGD_v
0.16572276308746348,9.758860858827639,0.004733569501960419,0.009827633368131243
