PGA,PGV,PGD_h,PGD_v
0.1039245466949619,9.753745688626713,1e-05,1e-05
