PGA,PGV,PGD_h,PGD_v
0.17797513247815422,13.546866220602908,0.04296202362575412,0.05805548802138747
