PGA,PGV,PGD_h,PGD_v
0.2551200559329897,19.685424252648783,0.3000829691185279,0.17398901607015035
