PGA,PGV,PGD_h,PGD_v
0.14924083940865526,16.543445567051695,0.07163341891648638,0.14209736851552898
