PGA,PGV,PGD_h,PGD_v
0.12476398115296403,9.076200683392578,1e-05,0.006847265142740857
