PGA,PGV,PGD_h,PGD_v
0.17223778774762538,11.49394880842933,0.08518599234858643,0.12172739476879682
