PGA,PGV,PGD_h,PGD_v
0.14190344176296732,17.200820627768547,1e-05,0.01193667434146189
