PGA,PGV,PGD_h,PGD_v
0.1799907849898584,15.24815986751164,0.10403361172914628,0.13585236248869198
