PGA,PGV,PGD_h,PGD_v
0.11471641005789958,13.880745811368763,1e-05,1e-05
