PGA,PGV,PGD_h,PGD_v
0.15732079782787148,17.67147126497465,0.0026078816727245296,0.011628361574497745
