PGA,PGV,PGD_h,PGD_v
0.2550713226743194,16.479697998977386,0.10991104222898572,0.06038107367441836
