PGA,PGV,PGD_h,PGD_v
0.19773258353968504,17.498752395203276,0.13293633433319813,0.13398028494278647
