PGA,PGV,PGD_h,PGD_v
0.15835227806240815,14.538446529974792,0.024738567584598147,0.05053400096079886
