PGA,PGV,PGD_h,PGD_v
0.17251143331053864,17.071265604549048,0.09075281066880057,0.12925207152077137
