PGA,PGV,PGD_h,PGD_v
0.16061655419967064,12.848719786853284,0.018622235476312275,0.03591939705517836
