PGA,PGV,PGD_h,PGD_v
0.10532323594964547,12.945376957320514,1e-05,1e-05
