PGA,PGV,PGD_h,PGD_v
0.18475362374761617,13.844745965900227,0.0121241078671959,0.011387771784410885
