PGA,PGV,PGD_h,PGD_v
0.1031367805712765,9.373312948092622,1e-05,1e-05
