PGA,PGV,PGD_h,PGD_v
0.2040598918648768,14.867216984538235,0.06441915295854246,0.06003803688232558
