TH_file,factor
RSN3095,8.172727272727272
RSN5084,25.327272727272728
RSN2832,22.3
RSN8873,27.345454545454544
RSN6534,62.663636363636364
RSN6502,15.236363636363635
RSN8301,48.53636363636364
RSN6831,66.69999999999999
RSN2783,24.31818181818182
RSN4999,4.136363636363636
RSN9130,18.263636363636365
RSN3305,11.2
RSN16,8.172727272727272
RSN2228,26.336363636363636
RSN3129,33.4
RSN9056,9.181818181818182
RSN11870,30.37272727272727
RSN9093,33.4
RSN5253,14.227272727272727
RSN532,21.290909090909093
